variable,count,mean,std,min,25%,50%,75%,max,original
dummy1,1000.0,6.613301836808571e-05,0.00971542564120819,-0.026827819583552,-0.00663256844642475,-0.00018619792295375,0.0069162842222603,0.0323100970628331,0.0080659883098839
dummy2,1000.0,-2.324597894020518e-05,0.009867361590057864,-0.0272379231836712,-0.00677583134136305,-9.263333701347274e-05,0.00632470696849545,0.0310578913173387,0.0005940272414761
x1,1000.0,0.13316999346118302,3.00928871034855,-9.154801557866156,-1.7705632412062169,0.052533456819706253,2.0129872877188006,28.204020878452997,28.204020878452997
x2,1000.0,0.08356685737677418,7.405503558044204,-22.22365864793493,-4.654240631635877,0.004975668807359151,4.791117648280634,75.04907539932277,75.04907539932277
x3,1000.0,0.04387348020882695,1.9036909110861013,-6.11640398606459,-1.2077748528017003,0.00449409401604935,1.2622463447599204,17.75492331201487,17.75492331201487
